{
  "project_info": {
    "project_number": "935525663116",
    "firebase_url": "https://bubuddies-3272b-default-rtdb.firebaseio.com",
    "project_id": "bubuddies-3272b",
    "storage_bucket": "bubuddies-3272b.appspot.com"
  },
  "client": [
    {
      "client_info": {
        "mobilesdk_app_id": "1:935525663116:android:6a2c82a063e68ed0ee16a9",
        "android_client_info": {
          "package_name": "com.green.bubuddies"
        }
      },
      "oauth_client": [
        {
          "client_id": "935525663116-k8n9tckl0u39bdkq073m2oiqv876enme.apps.googleusercontent.com",
          "client_type": 3
        }
      ],
      "api_key": [
        {
          "current_key": "AIzaSyAfdJedtr8ldYqJ4E9ZCLCIEhn5ntUX3ww"
        }
      ],
      "services": {
        "appinvite_service": {
          "other_platform_oauth_client": [
            {
              "client_id": "935525663116-k8n9tckl0u39bdkq073m2oiqv876enme.apps.googleusercontent.com",
              "client_type": 3
            }
          ]
        }
      }
    }
  ],
  "configuration_version": "1"
}